<?xml version="1.0" encoding="utf-8" standalone="no" ?>
<placeable type="silo" xmlns:xsi="http://www.w3.org/2001/XMLSchema-instance" xsi:noNamespaceSchemaLocation="../../../../shared/xml/schema/placeable.xsd">
	<storeData>
		<name>LAC 48x26 Barn</name>
		<functions>
			<function>$l10n_function_garage</function>
		</functions>
		<image>store.dds</image>
		<price>10000</price>
		<dailyUpkeep>10</dailyUpkeep>
		<lifetime>1000</lifetime>
		<rotation>0</rotation>
		<brand>LAC</brand>
        <species>placeable</species>
        <category>storages</category>
        <brush>
            <type>placeable</type>
            <category>buildings</category>
            <tab>silos</tab>
        </brush>
		<vertexBufferMemoryUsage>386304</vertexBufferMemoryUsage>
		<indexBufferMemoryUsage>38656</indexBufferMemoryUsage>
		<textureMemoryUsage>3407872</textureMemoryUsage>
		<instanceVertexBufferMemoryUsage>0</instanceVertexBufferMemoryUsage>
		<instanceIndexBufferMemoryUsage>0</instanceIndexBufferMemoryUsage>
		<audioMemoryUsage>0</audioMemoryUsage>
	</storeData>
	<base>
		<filename>LAC_48x26Barn.i3d</filename>
	</base>
	<placement useRandomYRotation="false" useManualYRotation="true">
		<testAreas>
			<testArea startNode="testArea1Start" endNode="testArea1End"/>
		</testAreas>
		<sounds>
			<place template="medImp"/>
		</sounds>
	</placement>
	<clearAreas>
		<clearArea startNode="clearArea1Start" widthNode="clearArea1Width" heightNode="clearArea1Height"/>
	</clearAreas>
	<leveling requireLeveling="true" maxSmoothDistance="10" maxSlope="75" maxEdgeAngle="30">
		<levelAreas>
			<levelArea startNode="levelArea1Start" widthNode="levelArea1Width" heightNode="levelArea1Height" groundType="asphalt"/>
		</levelAreas>
	</leveling>
	<indoorAreas>
		<indoorArea startNode="indoorArea1Start" widthNode="indoorArea1Width" heightNode="indoorArea1Height"/>
	</indoorAreas>
	<tipOcclusionUpdateAreas>
		<tipOcclusionUpdateArea startNode="tipOcclusionUpdateArea1Start" endNode="tipOcclusionUpdateArea1End"/>
	</tipOcclusionUpdateAreas>
	<ai>
		<updateAreas>
			<updateArea startNode="tipOcclusionUpdateArea1Start" endNode="tipOcclusionUpdateArea1End"/>
		</updateAreas>
	</ai>
	
	<lights>
        <group weatherRequiredFlags="NIGHT" />

        <realLights>
            <high>
                <light node="emissiveShape2_0" groupIndex="1"/>
            </high>
        </realLights>
    </lights>
	
	<animatedObjects>
		<animatedObject saveId="garageDoor1">
			<animation initialTime="0" duration="8">
				<part node="doorPanel11">
					<keyFrame time="0.00" translation="-0.68857402 -0.99800003 0.0113583" rotation="0 0 0"/>
					<keyFrame time="0.20" translation="-0.68857402 -0.35800001 0.0113583" rotation="0 0 0"/>
					<keyFrame time="0.40" translation="-0.688254 0.30914655 0.011" rotation="0 0 0"/>
					<keyFrame time="0.60" translation="-0.688254 0.94999999 0.0112581" rotation="0 0 0"/>
					<keyFrame time="0.80" translation="-0.688254 1.56099999 0.0112581" rotation="58.276 0 0"/>
				</part>
				<part node="doorPanel21">
					<keyFrame time="0.00" translation="-0.688254 -0.38 0.0113583" rotation="0 0 0"/>
					<keyFrame time="0.20" translation="-0.688254 0.26300001 0.0113583" rotation="0 0 0"/>
					<keyFrame time="0.40" translation="-0.688254 0.92199999 0.0112581" rotation="0 0 0"/>
					<keyFrame time="0.60" translation="-0.688254 1.56099999 0.0112581" rotation="60 0 0"/>
					<keyFrame time="0.80" translation="-0.688254 1.88300002 0.52100003" rotation="90 0 0"/>
				</part>
				<part node="doorPanel31">
					<keyFrame time="0.00" translation="-0.688254 0.271 0.0113583" rotation="0 0 0"/>
					<keyFrame time="0.20" translation="-0.688254 0.92199999 0.0112581" rotation="0 0 0"/>
					<keyFrame time="0.40" translation="-0.688254 1.56099999 0.0112581" rotation="60 0 0"/>
					<keyFrame time="0.60" translation="-0.688254 1.88300002 0.565" rotation="90 0 0"/>
					<keyFrame time="0.80" translation="-0.688254 1.88300002 1.17249811" rotation="90 0 0"/>
				</part>
				<part node="doorPanel41">
					<keyFrame time="0.00" translation="-0.688254 0.92199999 0.0112581" rotation="0 0 0"/>
					<keyFrame time="0.20" translation="-0.688254 1.56099999 0.0112581" rotation="60 0 0"/>
					<keyFrame time="0.40" translation="-0.688254 1.88300002 0.56467038" rotation="90 0 0"/>
					<keyFrame time="0.60" translation="-0.688254 1.88300002 1.21156514" rotation="90 0 0"/>
					<keyFrame time="0.80" translation="-0.688254 1.88300002 1.82113028" rotation="90 0 0"/>
				</part>
			</animation>
			<controls triggerNode="garageTrigger1" posAction="ACTIVATE_HANDTOOL" posText="openGarageDoor" negText="closeGarageDoor"/>
			<sounds>
				<moving file="sounds/OpenElectricDoorSound.wav" loops="0" linkNode="garageTrigger1" volume="1.0" radius="25" innerRadius="3" fadeOu="0.25"/>
			</sounds>
		</animatedObject>
		<animatedObject saveId="garageDoor2">
			<animation initialTime="0" duration="8">
				<part node="doorPanel12">
					<keyFrame time="0.00" translation="1.08607006 -1.005 -0.0121499" rotation="0 0 0"/>
					<keyFrame time="0.20" translation="1.08574998 -0.34599999 -0.0121429" rotation="0 0 0"/>
					<keyFrame time="0.40" translation="1.08574998 0.301 -0.012" rotation="0 0 0"/>
					<keyFrame time="0.60" translation="1.08574998 0.94800001 -0.012" rotation="0 0 0"/>
					<keyFrame time="0.80" translation="1.08574998 1.59000003 -0.011" rotation="-63.123 0 0"/>
				</part>
				<part node="doorPanel22">
					<keyFrame time="0.00" translation="1.08574998 -0.38699999 -0.0121429" rotation="0 0 0"/>
					<keyFrame time="0.20" translation="1.08574998 0.264 -0.012" rotation="0 0 0"/>
					<keyFrame time="0.40" translation="1.08574998 0.91500002 -0.012" rotation="0 0 0"/>
					<keyFrame time="0.60" translation="1.08574998 1.55200005 -0.011" rotation="-60 0 0"/>
					<keyFrame time="0.80" translation="1.08574998 1.87199998 -0.56599998" rotation="-90 0 0"/>
				</part>
				<part node="doorPanel32">
					<keyFrame time="0.00" translation="1.08574998 0.26418701 -0.012" rotation="0 0 0"/>
					<keyFrame time="0.20" translation="1.08574998 0.91500002 -0.012" rotation="0 0 0"/>
					<keyFrame time="0.40" translation="1.08574998 1.55200005 -0.011" rotation="-60 0 0"/>
					<keyFrame time="0.60" translation="1.08574998 1.87199998 -0.56599998" rotation="-90 0 0"/>
					<keyFrame time="0.80" translation="1.08574998 1.87199998 -1.20899999" rotation="-90 0 0"/>
				</part>
				<part node="doorPanel42">
					<keyFrame time="0.00" translation="1.08574998 0.91500002 -0.012" rotation="0 0 0"/>
					<keyFrame time="0.20" translation="1.08574998 1.55163538 -0.011" rotation="-60 0 0"/>
					<keyFrame time="0.40" translation="1.08574998 1.87199998 -0.56599998" rotation="-90 0 0"/>
					<keyFrame time="0.60" translation="1.08574998 1.87199998 -1.20912111" rotation="-90 0 0"/>
					<keyFrame time="0.80" translation="1.08574998 1.87199998 -1.8578769" rotation="-90 0 0"/>
				</part>
			</animation>
			<controls triggerNode="garageTrigger2" posAction="ACTIVATE_HANDTOOL" posText="openGarageDoor" negText="closeGarageDoor"/>
			<sounds>
				<moving file="sounds/OpenElectricDoorSound.wav" loops="0" linkNode="garageTrigger2" volume="1.0" radius="25" innerRadius="3" fadeOu="0.25"/>
			</sounds>
		</animatedObject>
		<animatedObject saveId="shopDoor">
			<animation duration="2">
				<part node="shopDoor">
					<keyFrame time="0.0" rotation="0 0 0"/>
					<keyFrame time="1.0" rotation="0 -100 0"/>
				</part>
			</animation>
			<controls triggerNode="shopDoorTrigger" posAction="ACTIVATE_HANDTOOL" posText="openDoor" negText="closeDoor"/>
			<sounds>
				<moving linkNode="shopDoorTrigger" template="glassDoorLoop" />
                <negEnd linkNode="shopDoorTrigger" template="metalDoorsClose" />
			</sounds>
		</animatedObject>
		<animatedObject saveId="loftDoor">
			<animation duration="2">
				<part node="upperDoor">
					<keyFrame time="0.0" translation="3.95519233 5.63500023 -14.69890022"/>
					<keyFrame time="1.0" translation="2.773175 5.63500023 -14.69890022"/>
				</part>
			</animation>
			<controls triggerNode="loftDoorTrigger" posAction="ACTIVATE_HANDTOOL" posText="openDoor" negText="closeDoor"/>
			<sounds>
				<moving file="sounds/garage_door_open.wav" loops="0" linkNode="loftDoorTrigger" volume="0.6" radius="25" innerRadius="3" fadeOut="0.25"/>
			</sounds>
		</animatedObject>
		<animatedObject saveId="lightSwitch1">
			<animation initialTime="0" duration="0.5">
				<part node="lightHigh11">
					<!--index of TG with realLights and emmisive shape-->
					<keyFrame time="0.1" visibility="false"/>
					<keyFrame time="0.9" visibility="true"/>
				</part>
				<part node="lightHigh12">
					<!--index of TG with realLights and emmisive shape-->
					<keyFrame time="0.2" visibility="false"/>
					<keyFrame time="0.8" visibility="true"/>
				</part>
				<part node="lightHigh13">
					<!--index of TG with realLights and emmisive shape-->
					<keyFrame time="0.3" visibility="false"/>
					<keyFrame time="0.7" visibility="true"/>
				</part>
				<part node="lightHigh14">
					<!--index of TG with realLights and emmisive shape-->
					<keyFrame time="0.4" visibility="false"/>
					<keyFrame time="0.6" visibility="true"/>
				</part>
				<part node="lightHigh15">
					<!--index of TG with realLights and emmisive shape-->
					<keyFrame time="0.5" visibility="false"/>
					<keyFrame time="0.55" visibility="true"/>
				</part>
				<part node="lightHigh16">
					<!--index of TG with realLights and emmisive shape-->
					<keyFrame time="0.1" visibility="false"/>
					<keyFrame time="0.9" visibility="true"/>
				</part>
			</animation>
			<sounds>
				<posEnd file="sounds/lightswitch.wav" linkNode="insideLightTrigger1" volume="0.8" radius="25" innerRadius="3"/>
			</sounds>
			<controls posAction="ACTIVATE_HANDTOOL" triggerNode="insideLightTrigger1" posText="lighsON" negText="lightsOFF"/>
		</animatedObject>
	</animatedObjects>
	<infoTrigger triggerNode="infoTrigger"/>
	<silo>
		<loadingStation supportsExtension="false">
			<loadTrigger triggerNode="loadingTrigger" fillTypeCategories="hayloft" fillLitersPerSecond="2000" dischargeNode="dischargeNode" aiNode="aiNodeLoading">
				<effectNode effectNode="pipeEffect" materialType="pipe" fadeTime="0.5" scale="1 1 1"/>
				<effectNode effectNode="pipeEffectSmoke" materialType="unloadingSmoke" fadeTime="0.5"/>
			</loadTrigger>
			<sounds>
				<active template="hayloftPump" linkNode="fanSoundNode2"/>
			</sounds>
		</loadingStation>
		<unloadingStation supportsExtension="false">
			<unloadTrigger exactFillRootNode="exactFillRootNode" fillTypeCategories="hayloft" aiNode="aiNodeUnlading">
				<baleTrigger triggerNode="baleTrigger"/>
			</unloadTrigger>
			<sounds>
				<active template="hayloftPump" linkNode="fanSoundNode"/>
			</sounds>
		</unloadingStation>
		<storages>
			<storage node="hotspotMarker" fillTypeCategories="hayloft" capacity="1250000" isExtension="false"/>
		</storages>
	</silo>
	<triggerMarkers>
		<triggerMarker node="markerUnloading" filename="$data/shared/assets/marker/markerIcons.xml" id="UNLOAD"/>
		<triggerMarker node="markerLoading" filename="$data/shared/assets/marker/markerIcons.xml" id="LOAD"/>
	</triggerMarkers>
	<i3dMappings>
		<i3dMapping id="LAC48x26Barn" node="0>"/>
		<i3dMapping id="structure" node="0>0"/>
		<i3dMapping id="slab" node="0>0|0"/>
		<i3dMapping id="rafters" node="0>0|1"/>
		<i3dMapping id="roof" node="0>0|2"/>
		<i3dMapping id="secondStoryFloor" node="0>0|3"/>
		<i3dMapping id="trim" node="0>0|4"/>
		<i3dMapping id="foundation" node="0>0|5"/>
		<i3dMapping id="upperWall1" node="0>0|6"/>
		<i3dMapping id="upperWall2" node="0>0|7"/>
		<i3dMapping id="ventsAndRods" node="0>0|8"/>
		<i3dMapping id="firstFloorFraming" node="0>0|9"/>
		<i3dMapping id="secondFloorFraming" node="0>0|10"/>
		<i3dMapping id="LACsign_0" node="0>0|11"/>
		<i3dMapping id="LACTextBacking_0" node="0>0|11|0"/>
		<i3dMapping id="LACsign_1" node="0>0|11|1"/>
		<i3dMapping id="LACsignFace_0" node="0>0|11|2"/>
		<i3dMapping id="LACtext_0" node="0>0|11|3"/>
		<i3dMapping id="LACsign_2" node="0>0|12"/>
		<i3dMapping id="LACTextBacking_1" node="0>0|12|0"/>
		<i3dMapping id="LACsign_3" node="0>0|12|1"/>
		<i3dMapping id="LACsignFace_1" node="0>0|12|2"/>
		<i3dMapping id="LACtext_1" node="0>0|12|3"/>
		<i3dMapping id="lights_0" node="0>1"/>
		<i3dMapping id="lightSwitch2" node="0>1|0"/>
		<i3dMapping id="Conduit" node="0>1|0|0"/>
		<i3dMapping id="ElectricalBox" node="0>1|0|1"/>
		<i3dMapping id="Switches" node="0>1|0|2"/>
		<i3dMapping id="switchcover" node="0>1|0|3"/>
		<i3dMapping id="insideLightTrigger1" node="0>1|0|4"/>
		<i3dMapping id="lights_1" node="0>1|1"/>
		<i3dMapping id="interiorLights" node="0>1|1|0"/>
		<i3dMapping id="florescentLight_0" node="0>1|1|0|0"/>
		<i3dMapping id="lightHigh11" node="0>1|1|0|0|0"/>
		<i3dMapping id="light_0" node="0>1|1|0|0|0|0"/>
		<i3dMapping id="emissiveShape3_0" node="0>1|1|0|0|0|0|0"/>
		<i3dMapping id="pointLight_0" node="0>1|1|0|0|0|0|1"/>
		<i3dMapping id="florescentLight_1" node="0>1|1|0|1"/>
		<i3dMapping id="lightHigh12" node="0>1|1|0|1|0"/>
		<i3dMapping id="light_1" node="0>1|1|0|1|0|0"/>
		<i3dMapping id="emissiveShape3_1" node="0>1|1|0|1|0|0|0"/>
		<i3dMapping id="pointLight_1" node="0>1|1|0|1|0|0|1"/>
		<i3dMapping id="florescentLight_2" node="0>1|1|0|2"/>
		<i3dMapping id="lightHigh13" node="0>1|1|0|2|0"/>
		<i3dMapping id="light_2" node="0>1|1|0|2|0|0"/>
		<i3dMapping id="emissiveShape3_2" node="0>1|1|0|2|0|0|0"/>
		<i3dMapping id="pointLight_2" node="0>1|1|0|2|0|0|1"/>
		<i3dMapping id="florescentLight_3" node="0>1|1|0|3"/>
		<i3dMapping id="lightHigh14" node="0>1|1|0|3|0"/>
		<i3dMapping id="light_3" node="0>1|1|0|3|0|0"/>
		<i3dMapping id="emissiveShape3_3" node="0>1|1|0|3|0|0|0"/>
		<i3dMapping id="pointLight_3" node="0>1|1|0|3|0|0|1"/>
		<i3dMapping id="florescentLight_4" node="0>1|1|0|4"/>
		<i3dMapping id="lightHigh15" node="0>1|1|0|4|0"/>
		<i3dMapping id="light_4" node="0>1|1|0|4|0|0"/>
		<i3dMapping id="emissiveShape3_4" node="0>1|1|0|4|0|0|0"/>
		<i3dMapping id="pointLight_4" node="0>1|1|0|4|0|0|1"/>
		<i3dMapping id="florescentLight_5" node="0>1|1|0|5"/>
		<i3dMapping id="lightHigh16" node="0>1|1|0|5|0"/>
		<i3dMapping id="light_5" node="0>1|1|0|5|0|0"/>
		<i3dMapping id="emissiveShape3_5" node="0>1|1|0|5|0|0|0"/>
		<i3dMapping id="pointLight_5" node="0>1|1|0|5|0|0|1"/>
		<i3dMapping id="outsideLights" node="0>1|1|1"/>
		<i3dMapping id="OutsideLight_0" node="0>1|1|1|0"/>
		<i3dMapping id="LIGHT_LENSE_Cube.000_0" node="0>1|1|1|0|0"/>
		<i3dMapping id="emissiveShape2_0" node="0>1|1|1|0|1"/>
		<i3dMapping id="lightHigh2_0" node="0>1|1|1|0|1|0"/>
		<i3dMapping id="light_6" node="0>1|1|1|0|1|0|0"/>
		<i3dMapping id="light_7" node="0>1|1|1|0|1|0|1"/>
		<i3dMapping id="emissiveShape2_1" node="0>1|1|1|0|1|1"/>
		<i3dMapping id="lightHigh2_1" node="0>1|1|1|0|1|1|0"/>
		<i3dMapping id="light_8" node="0>1|1|1|0|1|1|0|0"/>
		<i3dMapping id="light_9" node="0>1|1|1|0|1|1|0|1"/>
		<i3dMapping id="emissiveShape2_2" node="0>1|1|1|0|1|2"/>
		<i3dMapping id="lightHigh2_2" node="0>1|1|1|0|1|2|0"/>
		<i3dMapping id="light_10" node="0>1|1|1|0|1|2|0|0"/>
		<i3dMapping id="light_11" node="0>1|1|1|0|1|2|0|1"/>
		<i3dMapping id="LACemissive1" node="0>1|1|1|0|1|3"/>
		<i3dMapping id="LACemissive2" node="0>1|1|1|0|1|4"/>
		<i3dMapping id="SCREWS_Bolt.002_0" node="0>1|1|1|0|2"/>
		<i3dMapping id="OutsideLight_1" node="0>1|1|1|1"/>
		<i3dMapping id="LIGHT_LENSE_Cube.000_1" node="0>1|1|1|1|0"/>
		<i3dMapping id="SCREWS_Bolt.002_1" node="0>1|1|1|1|1"/>
		<i3dMapping id="OutsideLight_2" node="0>1|1|1|2"/>
		<i3dMapping id="LIGHT_LENSE_Cube.000_2" node="0>1|1|1|2|0"/>
		<i3dMapping id="SCREWS_Bolt.002_2" node="0>1|1|1|2|1"/>
		<i3dMapping id="doors" node="0>2"/>
		<i3dMapping id="garageDoors" node="0>2|0"/>
		<i3dMapping id="garageFront" node="0>2|0|0"/>
		<i3dMapping id="doorSwitchFront" node="0>2|0|0|0"/>
		<i3dMapping id="GreenSwitches1" node="0>2|0|0|0|0"/>
		<i3dMapping id="RedSwitch1" node="0>2|0|0|0|1"/>
		<i3dMapping id="frameW1" node="0>2|0|0|0|2"/>
		<i3dMapping id="kabelSchutz1" node="0>2|0|0|0|3"/>
		<i3dMapping id="Trigger1" node="0>2|0|0|0|4"/>
		<i3dMapping id="garageTrigger1" node="0>2|0|0|0|4|0"/>
		<i3dMapping id="garageDoorFront" node="0>2|0|0|1"/>
		<i3dMapping id="doorPanel11" node="0>2|0|0|1|0"/>
		<i3dMapping id="doorPanel21" node="0>2|0|0|1|1"/>
		<i3dMapping id="doorPanel31" node="0>2|0|0|1|2"/>
		<i3dMapping id="doorglass11" node="0>2|0|0|1|2|0"/>
		<i3dMapping id="doorseals11" node="0>2|0|0|1|2|1"/>
		<i3dMapping id="doorPanel41" node="0>2|0|0|1|3"/>
		<i3dMapping id="gDoorRails11" node="0>2|0|0|1|4"/>
		<i3dMapping id="garageRear" node="0>2|0|1"/>
		<i3dMapping id="doorSwitchRear" node="0>2|0|1|0"/>
		<i3dMapping id="GreenSwitches2" node="0>2|0|1|0|0"/>
		<i3dMapping id="RedSwitch2" node="0>2|0|1|0|1"/>
		<i3dMapping id="frameW2" node="0>2|0|1|0|2"/>
		<i3dMapping id="kabelSchutz2" node="0>2|0|1|0|3"/>
		<i3dMapping id="Trigger2" node="0>2|0|1|0|4"/>
		<i3dMapping id="garageTrigger2" node="0>2|0|1|0|4|0"/>
		<i3dMapping id="garageDoorRear" node="0>2|0|1|1"/>
		<i3dMapping id="doorPanel12" node="0>2|0|1|1|0"/>
		<i3dMapping id="doorPanel22" node="0>2|0|1|1|1"/>
		<i3dMapping id="doorPanel32" node="0>2|0|1|1|2"/>
		<i3dMapping id="doorglass12" node="0>2|0|1|1|2|0"/>
		<i3dMapping id="doorseals12" node="0>2|0|1|1|2|1"/>
		<i3dMapping id="doorPanel42" node="0>2|0|1|1|3"/>
		<i3dMapping id="gDoorRails22" node="0>2|0|1|1|4"/>
		<i3dMapping id="manDoor" node="0>2|1"/>
		<i3dMapping id="hingeWall1" node="0>2|1|0"/>
		<i3dMapping id="shopDoorTrigger" node="0>2|1|1"/>
		<i3dMapping id="shopDoor" node="0>2|1|2"/>
		<i3dMapping id="deadbolt" node="0>2|1|2|0"/>
		<i3dMapping id="Glass" node="0>2|1|2|1"/>
		<i3dMapping id="doorKnob" node="0>2|1|2|2"/>
		<i3dMapping id="hingeDoor.001" node="0>2|1|2|3"/>
		<i3dMapping id="loftDoor" node="0>2|2"/>
		<i3dMapping id="loftDoorTrigger" node="0>2|2|0"/>
		<i3dMapping id="upperDoor" node="0>2|2|1"/>
		<i3dMapping id="upperDoorHardware" node="0>2|2|1|0"/>
		<i3dMapping id="upperDoorTrim" node="0>2|2|1|1"/>
		<i3dMapping id="clearAreas" node="0>3"/>
		<i3dMapping id="clearArea1Start" node="0>3|0"/>
		<i3dMapping id="clearArea1Width" node="0>3|0|0"/>
		<i3dMapping id="clearArea1Height" node="0>3|0|1"/>
		<i3dMapping id="levelAreas" node="0>4"/>
		<i3dMapping id="levelArea1Start" node="0>4|0"/>
		<i3dMapping id="levelArea1Width" node="0>4|0|0"/>
		<i3dMapping id="levelArea1Height" node="0>4|0|1"/>
		<i3dMapping id="indoorAreas" node="0>5"/>
		<i3dMapping id="indoorArea1Start" node="0>5|0"/>
		<i3dMapping id="indoorArea1Width" node="0>5|0|0"/>
		<i3dMapping id="indoorArea1Height" node="0>5|0|1"/>
		<i3dMapping id="testAreas" node="0>6"/>
		<i3dMapping id="testArea1Start" node="0>6|0"/>
		<i3dMapping id="testArea1End" node="0>6|0|0"/>
		<i3dMapping id="tipOcclusionUpdateAreas" node="0>7"/>
		<i3dMapping id="tipOcclusionUpdateArea1Start" node="0>7|0"/>
		<i3dMapping id="tipOcclusionUpdateArea1End" node="0>7|0|0"/>
		<i3dMapping id="hayLoft" node="0>8"/>
		<i3dMapping id="loadingStation" node="0>8|0"/>
		<i3dMapping id="loadingTriggers" node="0>8|0|0"/>
		<i3dMapping id="loadingTrigger" node="0>8|0|0|0"/>
		<i3dMapping id="loadTrigger" node="0>8|0|0|0"/>
		<i3dMapping id="baleTrigger" node="0>8|1|0|0|0"/>
		<i3dMapping id="markerLoading" node="0>8|0|0|0|1"/>
		<i3dMapping id="dischargeNode" node="0>8|0|0|1"/>
		<i3dMapping id="dischargeEffect" node="0>8|0|0|2"/>
		<i3dMapping id="pipeEffect" node="0>8|0|0|2|0"/>
		<i3dMapping id="pipeEffectSmoke" node="0>8|0|0|2|1"/>
		<i3dMapping id="aiNodeLoading" node="0>8|0|0|3"/>
		<i3dMapping id="aiLoadingSpline" node="0>8|0|1"/>
		<i3dMapping id="fanSoundNode2" node="0>8|0|2"/>
		<i3dMapping id="unloadingStation" node="0>8|1"/>
		<i3dMapping id="unloadingTriggers" node="0>8|1|0"/>
		<i3dMapping id="exactFillRootNode" node="0>8|1|0|0"/>
		<i3dMapping id="markerUnloading" node="0>8|1|0|0|1"/>
		<i3dMapping id="aiNodeUnlading" node="0>8|1|0|1"/>
		<i3dMapping id="fanSoundNode" node="0>8|1|1"/>
		<i3dMapping id="infoTrigger" node="0>8|2"/>
		<i3dMapping id="teleportNode" node="0>8|3"/>
		<i3dMapping id="hotspotMarker" node="0>8|4"/>
	</i3dMappings>
</placeable>