<?xml version="1.0" encoding="utf-8" standalone="no" ?>
<modDesc descVersion="62">
    <author>LegacyAg</author>
    <version>1.0.0.0</version>
	<title>
        <en>LAC 48x26 Barn</en>
    </title>

    <description>
        <en>
            <![CDATA[A small scale garage!

			42x24 Gararge:
			Length: 42ft
			Price: 70,000$
			Upkeep: 50§

			]]>
        </en>

    </description>

    <iconFilename>store.dds</iconFilename>
	<multiplayer supported="true"/>

	<brands>
		<brand name="LAC" title="LegacyAG" image="brand_LAC.dds"/>
	</brands>

    <storeItems>
		<storeItem xmlFilename="LAC_48x26Barn.xml"/>
    </storeItems>
</modDesc>
