<?xml version="1.0" encoding="utf-8" standalone="no" ?>
<placeable type="simplePlaceable" xmlns:xsi="http://www.w3.org/2001/XMLSchema-instance" xsi:noNamespaceSchemaLocation="../../../../shared/xml/schema/placeable.xsd">
	<storeData>
		<name>LAC 42x24Garage</name>
		<functions>
			<function>$l10n_function_garage</function>
		</functions>
		<image>store.dds</image>
		<price>90000</price>
		<dailyUpkeep>10</dailyUpkeep>
		<lifetime>1000</lifetime>
		<rotation>0</rotation>
		<brand>LAC</brand>
		<species>placeable</species>
		<category>sheds</category>
		<brush>
			<type>placeable</type>
			<category>buildings</category>
			<tab>sheds</tab>
		</brush>
		<vertexBufferMemoryUsage>386304</vertexBufferMemoryUsage>
		<indexBufferMemoryUsage>38656</indexBufferMemoryUsage>
		<textureMemoryUsage>3407872</textureMemoryUsage>
		<instanceVertexBufferMemoryUsage>0</instanceVertexBufferMemoryUsage>
		<instanceIndexBufferMemoryUsage>0</instanceIndexBufferMemoryUsage>
		<audioMemoryUsage>0</audioMemoryUsage>
	</storeData>
	<base>
		<filename>LAC_42x24Garage.i3d</filename>
	</base>
	<placement useRandomYRotation="false" useManualYRotation="true">
		<testAreas>
			<testArea startNode="testArea1Start" endNode="testArea1End"/>
		</testAreas>
		<sounds>
			<place template="medImp"/>
		</sounds>
	</placement>
	<clearAreas>
		<clearArea startNode="clearArea1Start" widthNode="clearArea1Width" heightNode="clearArea1Height"/>
	</clearAreas>
	<leveling requireLeveling="true" maxSmoothDistance="10" maxSlope="75" maxEdgeAngle="30">
		<levelAreas>
			<levelArea startNode="levelArea1Start" widthNode="levelArea1Width" heightNode="levelArea1Height" groundType="asphalt"/>
		</levelAreas>
	</leveling>
	<indoorAreas>
		<indoorArea startNode="indoorArea1Start" widthNode="indoorArea1Width" heightNode="indoorArea1Height"/>
	</indoorAreas>
	<tipOcclusionUpdateAreas>
		<tipOcclusionUpdateArea startNode="tipOcclusionUpdateArea1Start" endNode="tipOcclusionUpdateArea1End"/>
	</tipOcclusionUpdateAreas>
	<ai>
		<updateAreas>
			<updateArea startNode="tipOcclusionUpdateArea1Start" endNode="tipOcclusionUpdateArea1End"/>
		</updateAreas>
	</ai>
	
	<lights>
        <group weatherRequiredFlags="NIGHT" />

        <realLights>
            <high>
                <light node="emissiveShape2_0" groupIndex="1"/>
            </high>
        </realLights>
    </lights>
	
	<animatedObjects>
		<animatedObject saveId="garageDoor1">
			<animation initialTime="0" duration="8">
				<part node="doorPanel11">
					<keyFrame time="0.00" translation="1.09000003 -0.94099998 -0.0121494" rotation="0 0 0"/>
					<keyFrame time="0.20" translation="1.09013999 -0.36199999 -0.012" rotation="0 0 0"/>
					<keyFrame time="0.40" translation="1.09013999 0.27399999 -0.0121284" rotation="0 0 0"/>
					<keyFrame time="0.60" translation="1.09013999 0.85699999 -0.012" rotation="0 0 0"/>
					<keyFrame time="0.80" translation="1.09013999 1.46300006 -0.012" rotation="-53.15 0 0"/>
				</part>
				<part node="doorPanel21">
					<keyFrame time="0.00" translation="1.09013999 -0.36199999 -0.0121424" rotation="0 0 0"/>
					<keyFrame time="0.20" translation="1.09013999 0.248 -0.0121284" rotation="0 0 0"/>
					<keyFrame time="0.40" translation="1.09013999 0.85699999 -0.012" rotation="0 0 0"/>
					<keyFrame time="0.60" translation="1.09013999 1.46300006 -0.012" rotation="-53.15 0 0"/>
					<keyFrame time="0.80" translation="1.09013999 1.83000004 -0.47799999" rotation="-90 0 0"/>
				</part>
				<part node="doorPanel31">
					<keyFrame time="0.00" translation="1.09013999 0.248 -0.0121284" rotation="0 0 0"/>
					<keyFrame time="0.20" translation="1.09013999 0.85699999 -0.012" rotation="0 0 0"/>
					<keyFrame time="0.40" translation="1.09013999 1.46300006 -0.012" rotation="-53.15 0 0"/>
					<keyFrame time="0.60" translation="1.09013999 1.83000004 -0.47799999" rotation="-90 0 0"/>
					<keyFrame time="0.80" translation="1.09013999 1.83000004 -1.07299995" rotation="-90 0 0"/>
				</part>
				<part node="doorPanel41">
					<keyFrame time="0.00" translation="1.09013999 0.85699999 -0.0120444" rotation="0 0 0"/>
					<keyFrame time="0.20" translation="1.09013999 1.46320081 -0.012" rotation="-53.15 0 0"/>
					<keyFrame time="0.40" translation="1.09013999 1.82987142 -0.47799999" rotation="-90 0 0"/>
					<keyFrame time="0.60" translation="1.09013999 1.83000004 -1.07299995" rotation="-90 0 0"/>
					<keyFrame time="0.80" translation="1.09013999 1.83000004 -1.67200005" rotation="-90 0 0"/>
				</part>
			</animation>
			<controls triggerNode="garageTrigger1" posAction="ACTIVATE_HANDTOOL" posText="openGarageDoor" negText="closeGarageDoor"/>
			<sounds>
				<moving file="sounds/OpenElectricDoorSound.wav" loops="0" linkNode="garageTrigger1" volume="1.0" radius="25" innerRadius="3" fadeOu="0.25"/>
			</sounds>
		</animatedObject>
		<animatedObject saveId="garageDoor2">
			<animation initialTime="0" duration="8">
				<part node="doorPanel12">
					<keyFrame time="0.00" translation="1.09000003 -0.94099998 -0.0121494" rotation="0 0 0"/>
					<keyFrame time="0.20" translation="1.09013999 -0.36199999 -0.012" rotation="0 0 0"/>
					<keyFrame time="0.40" translation="1.09013999 0.27399999 -0.0121284" rotation="0 0 0"/>
					<keyFrame time="0.60" translation="1.09013999 0.85699999 -0.012" rotation="0 0 0"/>
					<keyFrame time="0.80" translation="1.09013999 1.46300006 -0.012" rotation="-53.15 0 0"/>
				</part>
				<part node="doorPanel22">
					<keyFrame time="0.00" translation="1.09013999 -0.36199999 -0.0121424" rotation="0 0 0"/>
					<keyFrame time="0.20" translation="1.09013999 0.248 -0.0121284" rotation="0 0 0"/>
					<keyFrame time="0.40" translation="1.09013999 0.85699999 -0.012" rotation="0 0 0"/>
					<keyFrame time="0.60" translation="1.09013999 1.46300006 -0.012" rotation="-53.15 0 0"/>
					<keyFrame time="0.80" translation="1.09013999 1.83000004 -0.47799999" rotation="-90 0 0"/>
				</part>
				<part node="doorPanel32">
					<keyFrame time="0.00" translation="1.09013999 0.248 -0.0121284" rotation="0 0 0"/>
					<keyFrame time="0.20" translation="1.09013999 0.85699999 -0.012" rotation="0 0 0"/>
					<keyFrame time="0.40" translation="1.09013999 1.46300006 -0.012" rotation="-53.15 0 0"/>
					<keyFrame time="0.60" translation="1.09013999 1.83000004 -0.47799999" rotation="-90 0 0"/>
					<keyFrame time="0.80" translation="1.09013999 1.83000004 -1.07299995" rotation="-90 0 0"/>
				</part>
				<part node="doorPanel42">
					<keyFrame time="0.00" translation="1.09013999 0.85699999 -0.0120444" rotation="0 0 0"/>
					<keyFrame time="0.20" translation="1.09013999 1.46320081 -0.012" rotation="-53.15 0 0"/>
					<keyFrame time="0.40" translation="1.09013999 1.82987142 -0.47799999" rotation="-90 0 0"/>
					<keyFrame time="0.60" translation="1.09013999 1.83000004 -1.07299995" rotation="-90 0 0"/>
					<keyFrame time="0.80" translation="1.09013999 1.83000004 -1.67200005" rotation="-90 0 0"/>
				</part>
			</animation>
			<controls triggerNode="garageTrigger2" posAction="ACTIVATE_HANDTOOL" posText="openGarageDoor" negText="closeGarageDoor"/>
			<sounds>
				<moving file="sounds/OpenElectricDoorSound.wav" loops="0" linkNode="garageTrigger2" volume="1.0" radius="25" innerRadius="3" fadeOu="0.25"/>
			</sounds>
		</animatedObject>
		<animatedObject saveId="garageDoor3">
			<animation initialTime="0" duration="8">
				<part node="doorPanel13">
					<keyFrame time="0.00" translation="1.09000003 -0.94099998 -0.0121494" rotation="0 0 0"/>
					<keyFrame time="0.20" translation="1.09013999 -0.36199999 -0.012" rotation="0 0 0"/>
					<keyFrame time="0.40" translation="1.09013999 0.27399999 -0.0121284" rotation="0 0 0"/>
					<keyFrame time="0.60" translation="1.09013999 0.85699999 -0.012" rotation="0 0 0"/>
					<keyFrame time="0.80" translation="1.09013999 1.46300006 -0.012" rotation="-53.15 0 0"/>
				</part>
				<part node="doorPanel23">
					<keyFrame time="0.00" translation="1.09013999 -0.36199999 -0.0121424" rotation="0 0 0"/>
					<keyFrame time="0.20" translation="1.09013999 0.248 -0.0121284" rotation="0 0 0"/>
					<keyFrame time="0.40" translation="1.09013999 0.85699999 -0.012" rotation="0 0 0"/>
					<keyFrame time="0.60" translation="1.09013999 1.46300006 -0.012" rotation="-53.15 0 0"/>
					<keyFrame time="0.80" translation="1.09013999 1.83000004 -0.47799999" rotation="-90 0 0"/>
				</part>
				<part node="doorPanel33">
					<keyFrame time="0.00" translation="1.09013999 0.248 -0.0121284" rotation="0 0 0"/>
					<keyFrame time="0.20" translation="1.09013999 0.85699999 -0.012" rotation="0 0 0"/>
					<keyFrame time="0.40" translation="1.09013999 1.46300006 -0.012" rotation="-53.15 0 0"/>
					<keyFrame time="0.60" translation="1.09013999 1.83000004 -0.47799999" rotation="-90 0 0"/>
					<keyFrame time="0.80" translation="1.09013999 1.83000004 -1.07299995" rotation="-90 0 0"/>
				</part>
				<part node="doorPanel43">
					<keyFrame time="0.00" translation="1.09013999 0.85699999 -0.0120444" rotation="0 0 0"/>
					<keyFrame time="0.20" translation="1.09013999 1.46320081 -0.012" rotation="-53.15 0 0"/>
					<keyFrame time="0.40" translation="1.09013999 1.82987142 -0.47799999" rotation="-90 0 0"/>
					<keyFrame time="0.60" translation="1.09013999 1.83000004 -1.07299995" rotation="-90 0 0"/>
					<keyFrame time="0.80" translation="1.09013999 1.83000004 -1.67200005" rotation="-90 0 0"/>
				</part>
			</animation>
			<controls triggerNode="garageTrigger3" posAction="ACTIVATE_HANDTOOL" posText="openGarageDoor" negText="closeGarageDoor"/>
			<sounds>
				<moving file="sounds/OpenElectricDoorSound.wav" loops="0" linkNode="garageTrigger3" volume="1.0" radius="25" innerRadius="3" fadeOu="0.25"/>
			</sounds>
		</animatedObject>
		<animatedObject saveId="shopDoor">
			<animation duration="2">
				<part node="shopDoor">
					<keyFrame time="0.0" rotation="0 0 0"/>
					<keyFrame time="1.0" rotation="0 100 0"/>
				</part>
			</animation>
			<controls triggerNode="shopDoorTrigger" posAction="ACTIVATE_HANDTOOL" posText="openDoor" negText="closeDoor"/>
			<sounds>
				<moving linkNode="shopDoorTrigger" template="glassDoorLoop" />
                <negEnd linkNode="shopDoorTrigger" template="metalDoorsClose" />
			</sounds>
		</animatedObject>
		<animatedObject saveId="glideDoorMain">
			<animation duration="2">
				<part node="glideDoor">
					<keyFrame time="0.0" translation="-5.86389017 3.33999991 -0.437195"/>
					<keyFrame time="1.0" translation="-5.86389017 3.33999991 1.18329597"/>
				</part>
			</animation>
			<controls triggerNode="glideDoorTrigger" posAction="ACTIVATE_HANDTOOL" posText="openDoor" negText="closeDoor"/>
			<sounds>
				<moving file="sounds/garage_door_open.wav" loops="0" linkNode="glideDoorTrigger" volume="0.6" radius="25" innerRadius="3" fadeOut="0.25"/>
			</sounds>
		</animatedObject>
		<animatedObject saveId="lightSwitch1">
			<animation initialTime="0" duration="0.5">
				<part node="lightHigh11">
					<!--index of TG with realLights and emmisive shape-->
					<keyFrame time="0.1" visibility="false"/>
					<keyFrame time="0.9" visibility="true"/>
				</part>
				<part node="lightHigh21">
					<!--index of TG with realLights and emmisive shape-->
					<keyFrame time="0.2" visibility="false"/>
					<keyFrame time="0.8" visibility="true"/>
				</part>
				<part node="lightHigh31">
					<!--index of TG with realLights and emmisive shape-->
					<keyFrame time="0.3" visibility="false"/>
					<keyFrame time="0.7" visibility="true"/>
				</part>
				<part node="lightHigh41">
					<!--index of TG with realLights and emmisive shape-->
					<keyFrame time="0.4" visibility="false"/>
					<keyFrame time="0.6" visibility="true"/>
				</part>
				<part node="lightHigh51">
					<!--index of TG with realLights and emmisive shape-->
					<keyFrame time="0.5" visibility="false"/>
					<keyFrame time="0.55" visibility="true"/>
				</part>
				<part node="lightHigh61">
					<!--index of TG with realLights and emmisive shape-->
					<keyFrame time="0.1" visibility="false"/>
					<keyFrame time="0.9" visibility="true"/>
				</part>
				<part node="lightHigh71">
					<!--index of TG with realLights and emmisive shape-->
					<keyFrame time="0.2" visibility="false"/>
					<keyFrame time="0.8" visibility="true"/>
				</part>
				<part node="lightHigh81">
					<!--index of TG with realLights and emmisive shape-->
					<keyFrame time="0.3" visibility="false"/>
					<keyFrame time="0.7" visibility="true"/>
				</part>
				<part node="lightHigh91">
					<!--index of TG with realLights and emmisive shape-->
					<keyFrame time="0.4" visibility="false"/>
					<keyFrame time="0.6" visibility="true"/>
				</part>
			</animation>
			 <sounds>
                <posEnd file="sounds/lightswitch.wav" linkNode="insideLightTrigger1" volume="0.8" radius="25" innerRadius="3" />
            </sounds>			
			<controls posAction="ACTIVATE_HANDTOOL" triggerNode="insideLightTrigger1" posText="lightsON" negText="lightsOFF"/>
		</animatedObject>
	</animatedObjects>
<i3dMappings>
  <i3dMapping id="42x24barn" node="0>" />
  <i3dMapping id="windows" node="0>0" />
  <i3dMapping id="windowFrame1bottom" node="0>0|0" />
  <i3dMapping id="windowPane1bottom" node="0>0|0|0" />
  <i3dMapping id="windowFrame2bottom" node="0>0|1" />
  <i3dMapping id="windowPane2bottom" node="0>0|1|0" />
  <i3dMapping id="windowFrame3bottom" node="0>0|2" />
  <i3dMapping id="windowPane3bottom" node="0>0|2|0" />
  <i3dMapping id="topGlassPanes" node="0>0|3" />
  <i3dMapping id="windowPane3top" node="0>0|3|0" />
  <i3dMapping id="windowPane2top" node="0>0|3|1" />
  <i3dMapping id="windowPane1Top" node="0>0|3|2" />
  <i3dMapping id="glideDoorMain" node="0>1" />
  <i3dMapping id="glideDoorRail" node="0>1|0" />
  <i3dMapping id="glideDoor" node="0>1|1" />
  <i3dMapping id="glideDoorTrim" node="0>1|1|0" />
  <i3dMapping id="glideDoorTrigger" node="0>1|2" />
  <i3dMapping id="garageDoors" node="0>2" />
  <i3dMapping id="door1" node="0>2|0" />
  <i3dMapping id="doorSwitch1" node="0>2|0|0" />
  <i3dMapping id="GreenSwitches1" node="0>2|0|0|0" />
  <i3dMapping id="RedSwitch1" node="0>2|0|0|1" />
  <i3dMapping id="frameW1" node="0>2|0|0|2" />
  <i3dMapping id="kabelSchutz1" node="0>2|0|0|3" />
  <i3dMapping id="Trigger_0" node="0>2|0|0|4" />
  <i3dMapping id="garageTrigger1" node="0>2|0|0|4|0" />
  <i3dMapping id="garageDoor1" node="0>2|0|1" />
  <i3dMapping id="doorPanel11" node="0>2|0|1|0" />
  <i3dMapping id="doorPanel21" node="0>2|0|1|1" />
  <i3dMapping id="doorPanel31" node="0>2|0|1|2" />
  <i3dMapping id="doorseals11" node="0>2|0|1|2|0" />
  <i3dMapping id="doorglass11" node="0>2|0|1|2|1" />
  <i3dMapping id="doorPanel41" node="0>2|0|1|3" />
  <i3dMapping id="gDoorRails11" node="0>2|0|1|4" />
  <i3dMapping id="door2" node="0>2|1" />
  <i3dMapping id="doorSwitch2" node="0>2|1|0" />
  <i3dMapping id="GreenSwitches2" node="0>2|1|0|0" />
  <i3dMapping id="RedSwitch2" node="0>2|1|0|1" />
  <i3dMapping id="frameW2" node="0>2|1|0|2" />
  <i3dMapping id="kabelSchutz2" node="0>2|1|0|3" />
  <i3dMapping id="Trigger_1" node="0>2|1|0|4" />
  <i3dMapping id="garageTrigger2" node="0>2|1|0|4|0" />
  <i3dMapping id="garageDoor2" node="0>2|1|1" />
  <i3dMapping id="doorPanel12" node="0>2|1|1|0" />
  <i3dMapping id="doorPanel22" node="0>2|1|1|1" />
  <i3dMapping id="doorPanel32" node="0>2|1|1|2" />
  <i3dMapping id="doorseals12" node="0>2|1|1|2|0" />
  <i3dMapping id="doorglass12" node="0>2|1|1|2|1" />
  <i3dMapping id="doorPanel42" node="0>2|1|1|3" />
  <i3dMapping id="gDoorRails12" node="0>2|1|1|4" />
  <i3dMapping id="door3" node="0>2|2" />
  <i3dMapping id="doorSwitch3" node="0>2|2|0" />
  <i3dMapping id="GreenSwitches3" node="0>2|2|0|0" />
  <i3dMapping id="RedSwitch3" node="0>2|2|0|1" />
  <i3dMapping id="frameW3" node="0>2|2|0|2" />
  <i3dMapping id="kabelSchutz3" node="0>2|2|0|3" />
  <i3dMapping id="Trigger_2" node="0>2|2|0|4" />
  <i3dMapping id="garageTrigger3" node="0>2|2|0|4|0" />
  <i3dMapping id="garageDoor3" node="0>2|2|1" />
  <i3dMapping id="doorPanel13" node="0>2|2|1|0" />
  <i3dMapping id="doorPanel23" node="0>2|2|1|1" />
  <i3dMapping id="doorPanel33" node="0>2|2|1|2" />
  <i3dMapping id="doorglass13" node="0>2|2|1|2|0" />
  <i3dMapping id="doorseals13" node="0>2|2|1|2|1" />
  <i3dMapping id="doorPanel43" node="0>2|2|1|3" />
  <i3dMapping id="gDoorRails13" node="0>2|2|1|4" />
  <i3dMapping id="manDoor" node="0>3" />
  <i3dMapping id="exteriorOutward" node="0>3|0" />
  <i3dMapping id="hingeWall" node="0>3|0|0" />
  <i3dMapping id="shopDoorTrigger" node="0>3|0|1" />
  <i3dMapping id="shopDoor" node="0>3|0|2" />
  <i3dMapping id="Glass.002" node="0>3|0|2|0" />
  <i3dMapping id="doorKnob.002" node="0>3|0|2|1" />
  <i3dMapping id="deadbolt.001" node="0>3|0|2|2" />
  <i3dMapping id="hingeDoor.003" node="0>3|0|2|3" />
  <i3dMapping id="lights" node="0>4" />
  <i3dMapping id="interiorLights" node="0>4|0" />
  <i3dMapping id="lightSwitch1" node="0>4|0|0" />
  <i3dMapping id="Conduit" node="0>4|0|0|0" />
  <i3dMapping id="ElectricalBox" node="0>4|0|0|1" />
  <i3dMapping id="Switches" node="0>4|0|0|2" />
  <i3dMapping id="switchcover" node="0>4|0|0|3" />
  <i3dMapping id="insideLightTrigger1" node="0>4|0|0|4" />
  <i3dMapping id="florescentLight_0" node="0>4|0|1" />
  <i3dMapping id="lightHigh11" node="0>4|0|1|0" />
  <i3dMapping id="light_0" node="0>4|0|1|0|0" />
  <i3dMapping id="emissiveShape3_0" node="0>4|0|1|0|0|0" />
  <i3dMapping id="pointLight_0" node="0>4|0|1|0|0|1" />
  <i3dMapping id="florescentLight_1" node="0>4|0|2" />
  <i3dMapping id="lightHigh21" node="0>4|0|2|0" />
  <i3dMapping id="light_1" node="0>4|0|2|0|0" />
  <i3dMapping id="emissiveShape3_1" node="0>4|0|2|0|0|0" />
  <i3dMapping id="pointLight_1" node="0>4|0|2|0|0|1" />
  <i3dMapping id="florescentLight_2" node="0>4|0|3" />
  <i3dMapping id="lightHigh31" node="0>4|0|3|0" />
  <i3dMapping id="light_2" node="0>4|0|3|0|0" />
  <i3dMapping id="emissiveShape3_2" node="0>4|0|3|0|0|0" />
  <i3dMapping id="pointLight_2" node="0>4|0|3|0|0|1" />
  <i3dMapping id="florescentLight_3" node="0>4|0|4" />
  <i3dMapping id="lightHigh41" node="0>4|0|4|0" />
  <i3dMapping id="light_3" node="0>4|0|4|0|0" />
  <i3dMapping id="emissiveShape3_3" node="0>4|0|4|0|0|0" />
  <i3dMapping id="pointLight_3" node="0>4|0|4|0|0|1" />
  <i3dMapping id="florescentLight_4" node="0>4|0|5" />
  <i3dMapping id="lightHigh51" node="0>4|0|5|0" />
  <i3dMapping id="light_4" node="0>4|0|5|0|0" />
  <i3dMapping id="emissiveShape3_4" node="0>4|0|5|0|0|0" />
  <i3dMapping id="pointLight_4" node="0>4|0|5|0|0|1" />
  <i3dMapping id="florescentLight_5" node="0>4|0|6" />
  <i3dMapping id="lightHigh61" node="0>4|0|6|0" />
  <i3dMapping id="light_5" node="0>4|0|6|0|0" />
  <i3dMapping id="emissiveShape3_5" node="0>4|0|6|0|0|0" />
  <i3dMapping id="pointLight_5" node="0>4|0|6|0|0|1" />
  <i3dMapping id="florescentLight_6" node="0>4|0|7" />
  <i3dMapping id="lightHigh71" node="0>4|0|7|0" />
  <i3dMapping id="light_6" node="0>4|0|7|0|0" />
  <i3dMapping id="emissiveShape3_6" node="0>4|0|7|0|0|0" />
  <i3dMapping id="pointLight_6" node="0>4|0|7|0|0|1" />
  <i3dMapping id="florescentLight_7" node="0>4|0|8" />
  <i3dMapping id="lightHigh81" node="0>4|0|8|0" />
  <i3dMapping id="light_7" node="0>4|0|8|0|0" />
  <i3dMapping id="emissiveShape3_7" node="0>4|0|8|0|0|0" />
  <i3dMapping id="pointLight_7" node="0>4|0|8|0|0|1" />
  <i3dMapping id="florescentLight_8" node="0>4|0|9" />
  <i3dMapping id="lightHigh91" node="0>4|0|9|0" />
  <i3dMapping id="light_8" node="0>4|0|9|0|0" />
  <i3dMapping id="emissiveShape3_8" node="0>4|0|9|0|0|0" />
  <i3dMapping id="pointLight_8" node="0>4|0|9|0|0|1" />
  <i3dMapping id="outsideDayNightLights" node="0>4|1" />
  <i3dMapping id="OutsideLight_0" node="0>4|1|0" />
  <i3dMapping id="LIGHT_LENSE_Cube.000_0" node="0>4|1|0|0" />
  <i3dMapping id="emissiveShape2_0" node="0>4|1|0|1" />
  <i3dMapping id="lightHigh2_0" node="0>4|1|0|1|0" />
  <i3dMapping id="light_9" node="0>4|1|0|1|0|0" />
  <i3dMapping id="emissiveShape2_1" node="0>4|1|0|1|1" />
  <i3dMapping id="lightHigh2_1" node="0>4|1|0|1|1|0" />
  <i3dMapping id="light_10" node="0>4|1|0|1|1|0|0" />
  <i3dMapping id="emissiveShape2_2" node="0>4|1|0|1|2" />
  <i3dMapping id="lightHigh2_2" node="0>4|1|0|1|2|0" />
  <i3dMapping id="light_11" node="0>4|1|0|1|2|0|0" />
  <i3dMapping id="emissiveShape2_3" node="0>4|1|0|1|3" />
  <i3dMapping id="lightHigh2_3" node="0>4|1|0|1|3|0" />
  <i3dMapping id="light_12" node="0>4|1|0|1|3|0|0" />
  <i3dMapping id="emissiveShape2_4" node="0>4|1|0|1|4" />
  <i3dMapping id="lightHigh2_4" node="0>4|1|0|1|4|0" />
  <i3dMapping id="light_13" node="0>4|1|0|1|4|0|0" />
  <i3dMapping id="LACemissive1" node="0>4|1|0|1|5" />
  <i3dMapping id="LACemissive2" node="0>4|1|0|1|6" />
  <i3dMapping id="SCREWS_Bolt.002_0" node="0>4|1|0|2" />
  <i3dMapping id="OutsideLight_1" node="0>4|1|1" />
  <i3dMapping id="LIGHT_LENSE_Cube.000_1" node="0>4|1|1|0" />
  <i3dMapping id="SCREWS_Bolt.002_1" node="0>4|1|1|1" />
  <i3dMapping id="OutsideLight_2" node="0>4|1|2" />
  <i3dMapping id="LIGHT_LENSE_Cube.000_2" node="0>4|1|2|0" />
  <i3dMapping id="SCREWS_Bolt.002_2" node="0>4|1|2|1" />
  <i3dMapping id="OutsideLight_3" node="0>4|1|3" />
  <i3dMapping id="LIGHT_LENSE_Cube.000_3" node="0>4|1|3|0" />
  <i3dMapping id="SCREWS_Bolt.002_3" node="0>4|1|3|1" />
  <i3dMapping id="LACsign_0" node="0>4|1|4" />
  <i3dMapping id="LACTextBacking_0" node="0>4|1|4|0" />
  <i3dMapping id="LACsign_1" node="0>4|1|4|1" />
  <i3dMapping id="LACsignFace_0" node="0>4|1|4|2" />
  <i3dMapping id="LACtext_0" node="0>4|1|4|3" />
  <i3dMapping id="LACsign_2" node="0>4|1|5" />
  <i3dMapping id="LACTextBacking_1" node="0>4|1|5|0" />
  <i3dMapping id="LACsign_3" node="0>4|1|5|1" />
  <i3dMapping id="LACsignFace_1" node="0>4|1|5|2" />
  <i3dMapping id="LACtext_1" node="0>4|1|5|3" />
  <i3dMapping id="OutsideLight_4" node="0>4|1|6" />
  <i3dMapping id="LIGHT_LENSE_Cube.000_4" node="0>4|1|6|0" />
  <i3dMapping id="SCREWS_Bolt.002_4" node="0>4|1|6|1" />
  <i3dMapping id="structure" node="0>5" />
  <i3dMapping id="Framing" node="0>5|0" />
  <i3dMapping id="RoofCap" node="0>5|1" />
  <i3dMapping id="Slab" node="0>5|2" />
  <i3dMapping id="foundation" node="0>5|3" />
  <i3dMapping id="roofTin" node="0>5|4" />
  <i3dMapping id="secondStoryFloor" node="0>5|5" />
  <i3dMapping id="thirdStoryFloor" node="0>5|6" />
  <i3dMapping id="StairPlywood" node="0>5|7" />
  <i3dMapping id="StairStringer" node="0>5|8" />
  <i3dMapping id="Stair" node="0>5|9" />
  <i3dMapping id="StairSupportRails" node="0>5|10" />
  <i3dMapping id="wallsExterior" node="0>5|11" />
  <i3dMapping id="wallsInterior" node="0>5|12" />
  <i3dMapping id="roofPlywood" node="0>5|13" />
  <i3dMapping id="soffit" node="0>5|14" />
  <i3dMapping id="trim" node="0>5|15" />
  <i3dMapping id="gutters_0" node="0>5|16" />
  <i3dMapping id="gutters_1" node="0>5|16|0" />
  <i3dMapping id="DrainPVC" node="0>5|16|1" />
  <i3dMapping id="clearAreas" node="0>6" />
  <i3dMapping id="clearArea1Start" node="0>6|0" />
  <i3dMapping id="clearArea1Width" node="0>6|0|0" />
  <i3dMapping id="clearArea1Height" node="0>6|0|1" />
  <i3dMapping id="levelAreas" node="0>7" />
  <i3dMapping id="levelArea1Start" node="0>7|0" />
  <i3dMapping id="levelArea1Width" node="0>7|0|0" />
  <i3dMapping id="levelArea1Height" node="0>7|0|1" />
  <i3dMapping id="indoorAreas" node="0>8" />
  <i3dMapping id="indoorArea1Start" node="0>8|0" />
  <i3dMapping id="indoorArea1Width" node="0>8|0|0" />
  <i3dMapping id="indoorArea1Height" node="0>8|0|1" />
  <i3dMapping id="testAreas" node="0>9" />
  <i3dMapping id="testArea1Start" node="0>9|0" />
  <i3dMapping id="testArea1End" node="0>9|0|0" />
  <i3dMapping id="tipOcclusionUpdateAreas" node="0>10" />
  <i3dMapping id="tipOcclusionUpdateArea1Start" node="0>10|0" />
  <i3dMapping id="tipOcclusionUpdateArea1End" node="0>10|0|0" />
</i3dMappings>
</placeable>